City_ID,City,Lat,Lng,Max Temp,Humidity,Cloudiness,Wind Speed,Country,Date
0,Ribeira Grande,38.5167,-28.7,69.78,73,10,3.6,PT,2021-09-15 04:34:58
1,Emerald,-23.5333,148.1667,78.94,14,5,9.22,AU,2021-09-15 04:34:59
2,Batemans Bay,-35.7167,150.1833,66.2,58,72,9.46,AU,2021-09-15 04:34:59
3,Tashtyp,52.7939,89.8983,56.53,52,100,6.82,RU,2021-09-15 04:34:59
4,Kaitangata,-46.2817,169.8464,50.83,59,24,7.52,NZ,2021-09-15 04:34:59
5,Castro,-24.7911,-50.0119,62.06,99,85,3.09,BR,2021-09-15 04:32:17
6,Jamestown,42.097,-79.2353,74.71,83,1,12.66,US,2021-09-15 04:30:18
7,Sale,34.0389,-6.8166,69.75,94,14,5.75,MA,2021-09-15 04:35:00
8,Palmer,42.1584,-72.3287,67.86,78,90,3.0,US,2021-09-15 04:34:06
9,Qaanaaq,77.484,-69.3632,15.26,90,64,6.49,GL,2021-09-15 04:35:00
10,Sao Joao Da Barra,-21.6403,-41.0511,72.72,88,5,16.24,BR,2021-09-15 04:35:00
11,Hobart,-42.8794,147.3294,57.22,58,75,5.75,AU,2021-09-15 04:35:01
12,Khatanga,71.9667,102.5,46.56,62,78,3.91,RU,2021-09-15 04:35:01
13,Ushuaia,-54.8,-68.3,31.66,86,75,11.5,AR,2021-09-15 04:35:01
14,Bethel,41.3712,-73.414,72.18,90,90,4.61,US,2021-09-15 04:35:01
15,Iqaluit,63.7506,-68.5145,33.53,86,90,2.3,CA,2021-09-15 04:35:04
16,Clyde River,70.4692,-68.5914,28.47,61,12,2.21,CA,2021-09-15 04:35:04
17,Paamiut,61.994,-49.6678,37.36,63,0,20.24,GL,2021-09-15 04:35:04
18,Chuy,-33.6971,-53.4616,45.88,85,1,9.75,UY,2021-09-15 04:35:04
19,Thompson,55.7435,-97.8558,37.56,100,40,0.0,CA,2021-09-15 04:35:05
20,Champerico,14.3,-91.9167,82.35,83,68,3.33,GT,2021-09-15 04:35:05
21,Bunia,1.5667,30.25,64.94,86,81,1.48,CD,2021-09-15 04:35:05
22,Port Alfred,-33.5906,26.891,60.85,74,100,23.13,ZA,2021-09-15 04:35:06
23,Butaritari,3.0707,172.7902,82.58,76,39,11.01,KI,2021-09-15 04:35:06
24,College,64.8569,-147.8028,53.58,57,20,0.0,US,2021-09-15 04:35:06
25,Albany,42.6001,-73.9662,69.64,83,68,1.01,US,2021-09-15 04:35:07
26,Mataura,-46.1927,168.8643,49.48,68,30,6.71,NZ,2021-09-15 04:35:07
27,Angoche,-16.2325,39.9086,75.42,67,41,6.55,MZ,2021-09-15 04:35:07
28,Ulaangom,49.9811,92.0667,61.84,33,32,5.97,MN,2021-09-15 04:35:07
29,Naushki,50.3828,106.1056,64.4,53,2,8.12,RU,2021-09-15 04:35:08
30,Faanui,-16.4833,-151.75,78.22,77,3,18.34,PF,2021-09-15 04:35:08
31,Kukuna,9.4,-12.6667,73.29,99,100,2.84,SL,2021-09-15 04:35:08
32,Punta Arenas,-53.15,-70.9167,35.71,87,75,27.63,CL,2021-09-15 04:35:08
33,Lydenburg,-25.0978,30.4597,57.4,40,0,0.89,ZA,2021-09-15 04:32:31
34,Hilo,19.7297,-155.09,80.33,74,1,3.44,US,2021-09-15 04:34:08
35,Rikitea,-23.1203,-134.9692,74.07,80,65,13.62,PF,2021-09-15 04:35:09
36,Esperance,-33.8667,121.9,75.04,43,87,8.23,AU,2021-09-15 04:35:09
37,Puerto Ayora,-0.7393,-90.3518,67.55,94,56,1.99,EC,2021-09-15 04:35:09
38,Bereda,43.2686,-7.5406,65.41,100,98,2.68,ES,2021-09-15 04:35:10
39,Culebra,18.303,-65.301,83.19,79,100,16.33,PR,2021-09-15 04:35:10
40,Cockburn Town,21.4612,-71.1419,82.0,77,86,9.33,TC,2021-09-15 04:35:10
41,Mar Del Plata,-38.0023,-57.5575,33.82,93,0,5.75,AR,2021-09-15 04:33:52
42,Bluff,-46.6,168.3333,49.8,68,84,18.1,NZ,2021-09-15 04:35:11
43,Cabo San Lucas,22.8909,-109.9124,82.62,78,14,10.94,MX,2021-09-15 04:32:13
44,Crotone,39.0851,17.1178,73.98,59,19,4.14,IT,2021-09-15 04:35:11
45,Kannur,11.8675,75.3576,82.11,75,84,6.89,IN,2021-09-15 04:35:11
46,Abu Samrah,35.3029,37.1841,71.73,68,0,7.09,SY,2021-09-15 04:35:11
47,Port Elizabeth,-33.918,25.5701,56.1,88,20,17.27,ZA,2021-09-15 04:35:12
48,Smidovich,48.6,133.8167,70.81,43,0,5.82,RU,2021-09-15 04:35:12
49,Xuanzhou,30.9525,118.7553,81.48,60,100,6.44,CN,2021-09-15 04:35:12
50,Busselton,-33.65,115.3333,63.09,80,94,19.28,AU,2021-09-15 04:35:12
51,Sorland,67.667,12.6934,35.67,66,46,9.26,NO,2021-09-15 04:35:13
52,Sitka,57.0531,-135.33,49.89,87,90,6.91,US,2021-09-15 04:31:44
53,Lipari,38.4674,14.954,76.53,66,60,3.18,IT,2021-09-15 04:35:13
54,Bilibino,68.0546,166.4372,37.45,100,100,2.21,RU,2021-09-15 04:35:13
55,Ketchikan,55.3422,-131.6461,48.67,87,75,0.0,US,2021-09-15 04:35:13
56,Hambantota,6.1241,81.1185,89.94,74,40,11.5,LK,2021-09-15 04:35:14
57,Grindavik,63.8424,-22.4338,46.35,93,75,10.36,IS,2021-09-15 04:35:14
58,Lata,40.1629,-8.3327,64.08,93,97,0.29,PT,2021-09-15 04:35:14
59,Barahona,18.2085,-71.1008,78.85,84,96,1.07,DO,2021-09-15 04:35:15
60,Saint-Philippe,-21.3585,55.7679,75.22,76,36,9.01,RE,2021-09-15 04:35:15
61,Airai,-8.9266,125.4092,79.43,39,46,5.35,TL,2021-09-15 04:35:15
62,Constitucion,-35.3333,-72.4167,46.2,72,10,7.31,CL,2021-09-15 04:35:15
63,Bredasdorp,-34.5322,20.0403,45.72,87,95,5.75,ZA,2021-09-15 04:35:16
64,Cidreira,-30.1811,-50.2056,57.74,78,93,14.03,BR,2021-09-15 04:35:16
65,Kirensk,57.7853,108.1119,51.8,61,91,8.37,RU,2021-09-15 04:35:16
66,Cap-Aux-Meules,47.3821,-61.8597,46.42,71,67,4.61,CA,2021-09-15 04:35:16
67,Sao Paulo De Olivenca,-3.3783,-68.8725,72.09,98,44,0.74,BR,2021-09-15 04:35:17
68,Yar-Sale,66.8333,70.8333,45.37,86,100,10.98,RU,2021-09-15 04:35:17
69,Padang,-0.9492,100.3543,87.85,66,97,5.68,ID,2021-09-15 04:35:17
70,Nueva Gerona,21.8833,-82.8,81.7,75,100,3.78,CU,2021-09-15 04:35:17
71,Kodiak,57.79,-152.4072,51.31,58,1,3.44,US,2021-09-15 04:35:18
72,Jalu,29.0331,21.5482,72.41,44,0,7.18,LY,2021-09-15 04:35:18
73,Talara,-4.5772,-81.2719,64.56,83,58,16.24,PE,2021-09-15 04:35:18
74,Abu Dhabi,24.4667,54.3667,89.71,84,20,6.91,AE,2021-09-15 04:35:18
75,Port Moresby,-9.4431,147.1797,87.22,62,40,17.27,PG,2021-09-15 04:35:19
76,Hithadhoo,-0.6,73.0833,84.02,72,27,9.46,MV,2021-09-15 04:35:19
77,New Norfolk,-42.7826,147.0587,56.88,53,96,1.99,AU,2021-09-15 04:35:19
78,Alta Floresta,-9.8756,-56.0861,72.79,80,9,0.85,BR,2021-09-15 04:35:20
79,Nabire,-3.3667,135.4833,86.81,64,55,6.11,ID,2021-09-15 04:35:20
80,Upernavik,72.7868,-56.1549,26.91,78,86,6.38,GL,2021-09-15 04:35:20
81,Longyearbyen,78.2186,15.6401,33.64,80,75,3.44,SJ,2021-09-15 04:35:20
82,Mabaruma,8.2,-59.7833,74.41,97,12,3.0,GY,2021-09-15 04:35:21
83,Kiruna,67.8557,20.2251,34.72,100,0,0.0,SE,2021-09-15 04:35:21
84,Deputatskiy,69.3,139.9,51.71,54,36,2.33,RU,2021-09-15 04:35:21
85,Cabedelo,-6.9811,-34.8339,75.87,85,7,10.11,BR,2021-09-15 04:35:21
86,Asau,46.4333,26.4,61.75,94,3,2.17,RO,2021-09-15 04:35:22
87,Narsaq,60.9167,-46.05,34.02,53,5,5.55,GL,2021-09-15 04:35:22
88,Provideniya,64.3833,-173.3,42.91,75,90,4.47,RU,2021-09-15 04:35:22
89,Vostok,46.4856,135.8833,64.02,39,2,3.89,RU,2021-09-15 04:35:22
90,Suez,29.9737,32.5263,77.49,65,0,7.99,EG,2021-09-15 04:35:23
91,Atuona,-9.8,-139.0333,77.61,79,7,20.51,PF,2021-09-15 04:35:23
92,Aksu,41.1231,80.2644,77.9,32,43,4.05,CN,2021-09-15 04:35:23
93,East London,-33.0153,27.9116,59.94,77,40,17.27,ZA,2021-09-15 04:35:23
94,Port Hardy,50.6996,-127.4199,50.18,87,75,5.75,CA,2021-09-15 04:35:24
95,Barra Dos Coqueiros,-10.9089,-37.0386,77.02,83,75,10.36,BR,2021-09-15 04:35:24
96,Bambous Virieux,-20.3428,57.7575,74.21,100,40,4.61,MU,2021-09-15 04:35:24
97,Pemberton,50.3164,-122.8027,55.26,98,99,5.53,CA,2021-09-15 04:30:35
98,Chokurdakh,70.6333,147.9167,40.59,61,94,8.86,RU,2021-09-15 04:35:25
99,Naze,28.3667,129.4833,86.92,75,90,17.65,JP,2021-09-15 04:35:25
100,Lohardaga,23.4333,84.6833,73.26,77,97,14.81,IN,2021-09-15 04:35:25
101,Wilkie,52.4168,-108.7014,51.89,62,100,8.88,CA,2021-09-15 04:35:25
102,Tuktoyaktuk,69.4541,-133.0374,39.2,93,20,5.75,CA,2021-09-15 04:35:26
103,Walvis Bay,-22.9575,14.5053,49.08,87,0,4.61,NA,2021-09-15 04:35:26
104,Yumen,40.2833,97.2,74.16,24,0,8.21,CN,2021-09-15 04:35:26
105,Udachnyy,66.4167,112.4,44.55,63,100,12.01,RU,2021-09-15 04:35:26
106,Talnakh,69.4865,88.3972,40.01,94,100,8.99,RU,2021-09-15 04:35:27
107,Ixtapa,20.7,-105.2,78.22,92,99,2.3,MX,2021-09-15 04:35:27
108,Bilma,18.6853,12.9164,86.14,20,0,8.16,NE,2021-09-15 04:35:27
109,La Asuncion,11.0333,-63.8628,82.13,89,3,9.22,VE,2021-09-15 04:35:27
110,Luau,-10.7073,22.2247,70.12,49,88,3.49,AO,2021-09-15 04:35:28
111,Salalah,17.0151,54.0924,80.69,89,75,5.75,OM,2021-09-15 04:35:28
112,Maebaru,33.55,130.2,83.86,83,94,12.37,JP,2021-09-15 04:35:28
113,Alexandria,31.2156,29.9553,76.96,65,40,4.61,EG,2021-09-15 04:35:28
114,Narasannapeta,18.4167,84.05,87.84,71,94,11.1,IN,2021-09-15 04:35:29
115,Ponta Do Sol,32.6667,-17.1,73.71,75,32,6.69,PT,2021-09-15 04:35:29
116,Tonj,7.2737,28.6822,71.47,93,94,0.81,SS,2021-09-15 04:35:29
117,Bengkulu,-3.8004,102.2655,83.91,65,95,6.06,ID,2021-09-15 04:35:30
118,Yellowknife,62.456,-114.3525,50.52,100,90,6.91,CA,2021-09-15 04:34:22
119,Rundu,-17.9333,19.7667,62.04,23,3,5.28,NA,2021-09-15 04:35:30
120,Labrea,-7.2586,-64.7981,76.51,62,1,2.17,BR,2021-09-15 04:35:30
121,Vaini,-21.2,-175.2,80.76,83,20,9.22,TO,2021-09-15 04:35:30
122,Farafangana,-22.8167,47.8333,71.31,82,15,8.52,MG,2021-09-15 04:35:31
123,Abashiri,44.0213,144.2697,64.69,55,20,8.05,JP,2021-09-15 04:35:31
124,Coihaique,-45.5752,-72.0662,44.55,81,75,4.61,CL,2021-09-15 04:31:21
125,Umm Lajj,25.0213,37.2685,87.53,45,8,8.25,SA,2021-09-15 04:35:31
126,Hermanus,-34.4187,19.2345,51.91,58,76,1.52,ZA,2021-09-15 04:35:32
127,Ucluelet,48.9329,-125.5528,61.09,94,99,8.34,CA,2021-09-15 04:35:00
128,Ancud,-41.8697,-73.8203,48.42,91,97,12.12,CL,2021-09-15 04:31:33
129,Cayenne,4.9333,-52.3333,82.09,84,0,1.01,GF,2021-09-15 04:35:32
130,Lebu,-37.6167,-73.65,47.37,79,98,7.4,CL,2021-09-15 04:35:32
131,Tabou,4.423,-7.3528,75.09,94,100,7.67,CI,2021-09-15 04:35:33
132,Khokhryaki,56.9156,53.3221,49.05,88,93,3.13,RU,2021-09-15 04:35:33
133,Coquimbo,-29.9533,-71.3436,49.73,87,0,2.3,CL,2021-09-15 04:33:16
134,Richards Bay,-28.783,32.0377,69.49,83,44,13.18,ZA,2021-09-15 04:35:33
135,Tiksi,71.6872,128.8694,39.38,94,100,10.33,RU,2021-09-15 04:35:33
136,Half Moon Bay,37.4636,-122.4286,68.7,85,1,1.01,US,2021-09-15 04:33:36
137,Outlook,51.5001,-107.0513,58.69,36,100,9.57,CA,2021-09-15 04:35:34
138,San Juan,-31.5375,-68.5364,52.81,23,0,1.05,AR,2021-09-15 04:35:34
139,Yulin,22.6333,110.15,85.93,75,62,6.82,CN,2021-09-15 04:35:34
140,Alberton,46.8168,-64.0654,53.51,66,72,6.71,CA,2021-09-15 04:35:34
141,Cyangugu,-2.4846,28.9075,67.91,64,80,1.1,RW,2021-09-15 04:35:35
142,Dandong,40.1292,124.3947,75.0,66,55,4.03,CN,2021-09-15 04:32:03
143,Kisesa,-3.0833,34.15,69.94,48,53,6.11,TZ,2021-09-15 04:35:35
144,Hami,42.8,93.45,83.48,15,24,6.04,CN,2021-09-15 04:35:35
145,Asopos,36.7333,22.8667,74.01,39,0,5.57,GR,2021-09-15 04:35:35
146,Avarua,-21.2078,-159.775,77.05,78,75,8.05,CK,2021-09-15 04:35:36
147,Khorramshahr,30.4397,48.1664,89.56,27,0,9.22,IR,2021-09-15 04:35:36
148,Saskylakh,71.9167,114.0833,49.05,74,100,8.66,RU,2021-09-15 04:35:36
149,Tainan,22.9908,120.2133,89.51,62,75,5.75,TW,2021-09-15 04:35:36
150,Cape Town,-33.9258,18.4232,52.12,76,20,5.75,ZA,2021-09-15 04:31:26
151,Los Llanos De Aridane,28.6585,-17.9182,67.75,75,0,5.75,ES,2021-09-15 04:35:37
152,Chara,56.9064,118.2631,43.27,92,100,6.15,RU,2021-09-15 04:32:10
153,Kapaa,22.0752,-159.319,84.18,74,5,1.99,US,2021-09-15 04:35:37
154,Canyon,34.9803,-101.9188,75.65,47,46,7.34,US,2021-09-15 04:30:55
155,Berlevag,70.8578,29.0864,39.2,74,100,5.53,NO,2021-09-15 04:35:37
156,Sarangani,5.4033,125.4636,81.54,76,100,18.61,PH,2021-09-15 04:35:38
157,Mersing,2.4312,103.8405,85.91,84,40,9.22,MY,2021-09-15 04:35:38
158,Port Lincoln,-34.7333,135.8667,57.58,65,76,12.86,AU,2021-09-15 04:35:38
159,Katsuura,35.1333,140.3,80.64,77,98,12.01,JP,2021-09-15 04:35:39
160,Vitoria Da Conquista,-14.8661,-40.8394,61.7,79,1,2.17,BR,2021-09-15 04:35:39
161,Suntar,62.1444,117.6319,56.14,41,41,9.64,RU,2021-09-15 04:35:39
162,Cherskiy,68.75,161.3,39.56,93,100,7.29,RU,2021-09-15 04:35:39
163,Yaan,7.3833,8.5667,72.03,97,100,3.29,NG,2021-09-15 04:35:40
164,Caconda,-13.7333,15.0667,58.77,79,30,1.3,AO,2021-09-15 04:35:40
165,Mareeba,-17.0,145.4333,80.47,30,50,8.23,AU,2021-09-15 04:35:40
166,Pisco,-13.7,-76.2167,59.02,88,20,1.14,PE,2021-09-15 04:35:40
167,Strezhevoy,60.7333,77.5889,46.38,63,45,4.45,RU,2021-09-15 04:35:41
168,Cam Ranh,11.9214,109.1591,87.76,70,20,8.05,VN,2021-09-15 04:35:41
169,Jiaozuo,35.2397,113.2331,82.11,60,40,8.9,CN,2021-09-15 04:35:41
170,Mesyagutovo,55.5303,58.2528,55.22,67,100,13.2,RU,2021-09-15 04:33:15
171,Leningradskiy,69.3833,178.4167,30.83,86,99,9.69,RU,2021-09-15 04:35:41
172,Nishihara,26.1842,127.7558,87.46,79,75,13.8,JP,2021-09-15 04:35:42
173,Esmeralda,21.8525,-78.1169,76.24,91,82,3.47,CU,2021-09-15 04:35:42
174,Chapaevsk,52.9813,49.7112,56.41,59,100,14.07,RU,2021-09-15 04:35:42
175,Klaksvik,62.2266,-6.589,50.92,95,100,4.45,FO,2021-09-15 04:35:42
176,Gamba,-2.65,10.0,75.27,87,97,4.68,GA,2021-09-15 04:35:43
177,Pevek,69.7008,170.3133,33.4,80,100,4.23,RU,2021-09-15 04:35:43
178,Terney,45.0503,136.6092,66.04,56,0,6.55,RU,2021-09-15 04:35:43
179,Iranshahr,27.2025,60.6848,89.94,9,0,6.91,IR,2021-09-15 04:35:43
180,Saint-Paul,-21.0096,55.2707,75.74,69,25,1.23,RE,2021-09-15 04:35:44
181,Kruisfontein,-34.0033,24.7314,53.89,79,98,12.91,ZA,2021-09-15 04:35:44
182,Tera,14.0078,0.7531,79.97,70,99,9.64,NE,2021-09-15 04:35:44
183,Ust-Nera,64.5667,143.2,56.91,51,89,3.96,RU,2021-09-15 04:35:44
184,Carira,-10.3608,-37.7011,66.54,98,27,3.87,BR,2021-09-15 04:35:45
185,Kapoeta,4.7717,33.5903,76.1,70,100,3.18,SS,2021-09-15 04:35:45
186,Puerto Montt,-41.4698,-72.9447,47.23,93,90,5.75,CL,2021-09-15 04:32:55
187,Nanortalik,60.1432,-45.2371,38.61,75,14,6.51,GL,2021-09-15 04:35:45
188,Isangel,-19.55,169.2667,84.31,51,40,6.91,VU,2021-09-15 04:35:46
189,Phalodi,27.1333,72.3667,90.97,54,8,12.33,IN,2021-09-15 04:35:46
190,Barrow,71.2906,-156.7887,37.42,93,90,11.5,US,2021-09-15 04:35:46
191,Victoria,22.2855,114.1577,89.65,69,63,9.84,HK,2021-09-15 04:34:24
192,Geraldton,-28.7667,114.6,70.12,49,90,11.5,AU,2021-09-15 04:31:18
193,Slobodskoy,58.7322,50.1772,42.37,89,100,5.97,RU,2021-09-15 04:35:46
194,Nykoping,58.753,17.0079,48.49,100,0,4.61,SE,2021-09-15 04:35:47
195,Soyo,-6.1349,12.3689,73.65,91,14,5.17,AO,2021-09-15 04:35:47
196,Piacabucu,-10.4056,-36.4344,73.78,90,8,7.25,BR,2021-09-15 04:35:47
197,Havre De Grace,39.5493,-76.0916,78.06,95,1,0.0,US,2021-09-15 04:35:48
198,Lagoa,39.05,-27.9833,67.87,75,36,3.2,PT,2021-09-15 04:35:48
199,Lar,26.2039,83.9717,75.34,95,100,20.07,IN,2021-09-15 04:35:48
200,Husavik,66.0449,-17.3389,48.11,79,59,10.49,IS,2021-09-15 04:35:48
201,Ambunti,-4.2365,142.8448,89.62,56,56,4.25,PG,2021-09-15 04:35:49
202,The Valley,18.217,-63.0578,82.26,79,87,15.35,AI,2021-09-15 04:33:42
203,Mpika,-11.8343,31.4529,64.15,49,68,7.14,ZM,2021-09-15 04:35:49
204,Ziway,7.9333,38.7167,65.44,73,28,2.95,ET,2021-09-15 04:35:49
205,Port Pirie,-33.1833,138.0167,68.09,38,97,5.53,AU,2021-09-15 04:35:49
206,Mnogovershinnyy,53.9353,139.9242,64.98,45,72,6.49,RU,2021-09-15 04:35:50
207,Karmala,18.4167,75.2,80.1,67,92,14.56,IN,2021-09-15 04:35:50
208,Ibotirama,-12.1853,-43.2206,74.68,42,0,1.48,BR,2021-09-15 04:35:50
209,Touros,-5.1989,-35.4608,76.1,86,2,11.81,BR,2021-09-15 04:35:50
210,North Bend,43.4065,-124.2243,62.51,77,90,8.05,US,2021-09-15 04:31:05
211,Puerto Carreno,6.189,-67.4859,74.12,92,14,5.7,CO,2021-09-15 04:35:52
212,Skibbereen,51.55,-9.2667,57.0,91,100,2.93,IE,2021-09-15 04:35:52
213,Hayvoron,48.3396,29.8679,60.3,74,89,6.64,UA,2021-09-15 04:35:52
214,Carnarvon,-24.8667,113.6333,71.67,46,40,8.05,AU,2021-09-15 04:35:52
215,Lancaster,40.2504,-76.2499,75.13,90,75,5.99,US,2021-09-15 04:35:53
216,Sisimiut,66.9395,-53.6735,33.39,74,68,5.41,GL,2021-09-15 04:35:53
217,Hasaki,35.7333,140.8333,81.0,76,67,12.95,JP,2021-09-15 04:35:53
218,Mahebourg,-20.4081,57.7,74.25,100,40,4.61,MU,2021-09-15 04:35:53
219,Muros,42.7762,-9.0603,67.23,92,93,6.96,ES,2021-09-15 04:35:54
220,Yulara,-25.2406,130.9889,91.24,10,2,5.75,AU,2021-09-15 04:35:54
221,Saint Anthony,45.0205,-93.218,61.03,78,1,1.99,US,2021-09-15 04:35:54
222,Harper,4.375,-7.7169,75.34,93,100,8.86,LR,2021-09-15 04:35:55
223,Ponta Delgada,37.7333,-25.6667,63.32,88,20,5.75,PT,2021-09-15 04:35:55
224,Saint-Augustin,51.226,-58.6502,36.39,81,6,6.24,CA,2021-09-15 04:35:55
225,Nuuk,64.1835,-51.7216,32.61,74,0,9.22,GL,2021-09-15 04:35:55
226,Evensk,61.95,159.2333,51.82,59,35,7.29,RU,2021-09-15 04:35:56
227,Paulo Afonso,-9.4061,-38.2147,67.98,98,19,6.26,BR,2021-09-15 04:35:56
228,Stromness,58.965,-3.296,53.87,93,92,3.29,GB,2021-09-15 04:35:56
229,Herat,34.5,62.0,84.85,7,0,9.55,AF,2021-09-15 04:35:56
230,Turukhansk,65.8167,87.9833,38.12,87,99,10.87,RU,2021-09-15 04:35:57
231,Peruibe,-24.32,-46.9983,70.95,92,100,2.06,BR,2021-09-15 04:33:53
232,Nikolskoye,59.7035,30.7861,44.49,74,57,7.49,RU,2021-09-15 04:35:57
233,Utraula,27.3167,82.4167,75.97,91,99,24.52,IN,2021-09-15 04:35:57
234,Georgetown,5.4112,100.3354,89.53,66,20,2.3,MY,2021-09-15 04:35:57
235,Kavaratti,10.5669,72.642,81.95,79,92,18.54,IN,2021-09-15 04:35:58
236,Zhigansk,66.7697,123.3711,52.23,82,100,16.96,RU,2021-09-15 04:35:58
237,Mayo,38.8876,-76.5119,78.91,92,1,1.01,US,2021-09-15 04:35:58
238,Zhezkazgan,47.8043,67.7144,68.7,15,99,3.94,KZ,2021-09-15 04:35:58
239,Burnie,-41.0667,145.9167,53.38,56,37,7.4,AU,2021-09-15 04:35:59
240,Praia Da Vitoria,38.7333,-27.0667,65.75,94,0,3.53,PT,2021-09-15 04:35:59
241,Torbay,47.6666,-52.7314,50.58,81,90,10.36,CA,2021-09-15 04:35:59
242,Tura,25.5198,90.2201,83.5,78,84,2.77,IN,2021-09-15 04:35:59
243,Mulchen,-37.7167,-72.2333,41.0,82,75,4.07,CL,2021-09-15 04:36:00
244,Pangnirtung,66.1451,-65.7125,30.2,80,75,0.0,CA,2021-09-15 04:36:00
245,Pangoa,-12.1167,-73.0,67.87,98,82,3.04,PE,2021-09-15 04:36:00
246,Marsh Harbour,26.5412,-77.0636,81.64,70,4,5.44,BS,2021-09-15 04:35:29
247,Xuddur,4.1213,43.8894,76.42,60,53,19.86,SO,2021-09-15 04:36:01
248,Norman Wells,65.282,-126.8329,46.44,87,75,4.61,CA,2021-09-15 04:36:01
249,Arraial Do Cabo,-22.9661,-42.0278,71.58,91,75,5.01,BR,2021-09-15 04:36:01
250,Prykolotne,50.1604,37.3474,51.84,44,84,9.22,UA,2021-09-15 04:36:01
251,Haines Junction,60.7522,-137.5108,44.55,65,97,4.61,CA,2021-09-15 04:36:02
252,Pandamatenga,-18.5278,25.627,69.71,32,19,4.43,BW,2021-09-15 04:36:02
253,San Felipe Del Progreso,19.7128,-99.9519,55.58,97,53,2.68,MX,2021-09-15 04:36:02
254,Bubaque,11.2833,-15.8333,80.17,82,11,11.81,GW,2021-09-15 04:36:02
255,Alice Springs,-23.7,133.8833,92.75,13,40,11.5,AU,2021-09-15 04:36:03
256,San Jose De Ocoa,18.55,-70.5,75.36,83,100,2.66,DO,2021-09-15 04:36:03
257,Latung,5.5,120.8833,83.64,67,91,0.85,PH,2021-09-15 04:36:03
258,Teguise,29.0605,-13.564,68.22,78,0,0.0,ES,2021-09-15 04:36:03
259,Tuatapere,-46.1333,167.6833,49.82,71,56,10.13,NZ,2021-09-15 04:36:04
260,Archis,46.4833,22.05,58.46,69,1,4.0,RO,2021-09-15 04:36:04
261,General Roca,-39.0333,-67.5833,50.4,50,5,10.27,AR,2021-09-15 04:36:04
262,Sao Felix Do Xingu,-6.6447,-51.995,79.48,49,56,0.38,BR,2021-09-15 04:36:05
263,Alyangula,-13.8483,136.4192,85.87,66,36,10.36,AU,2021-09-15 04:36:05
264,Brae,60.3964,-1.353,55.31,91,84,12.33,GB,2021-09-15 04:36:05
265,Severo-Kurilsk,50.6789,156.125,52.59,79,36,10.31,RU,2021-09-15 04:32:14
266,Rabo De Peixe,37.8,-25.5833,62.11,88,20,5.75,PT,2021-09-15 04:36:05
267,Pacific Grove,36.6177,-121.9166,63.16,89,75,3.0,US,2021-09-15 04:36:06
268,Sao Filipe,14.8961,-24.4956,79.83,83,99,12.64,CV,2021-09-15 04:36:06
269,Mandan,46.8267,-100.8896,58.21,67,75,5.75,US,2021-09-15 04:32:23
270,Hay River,60.8156,-115.7999,51.78,82,75,2.3,CA,2021-09-15 04:36:06
271,Ortigueira,-24.2083,-50.9494,63.93,99,60,2.48,BR,2021-09-15 04:36:07
272,Sioux Lookout,50.1001,-91.917,48.58,93,40,3.44,CA,2021-09-15 04:36:07
273,Beira,-19.8436,34.8389,68.09,100,20,4.61,MZ,2021-09-15 04:36:07
274,Hessisch Oldendorf,52.1667,9.25,66.24,85,75,4.61,DE,2021-09-15 04:36:07
275,Isla Vista,34.4133,-119.861,74.12,94,20,0.0,US,2021-09-15 04:36:08
276,Dom Pedrito,-30.9828,-54.6731,45.66,92,0,4.47,BR,2021-09-15 04:36:08
277,Chokwe,-24.5333,32.9833,73.44,61,0,10.07,MZ,2021-09-15 04:36:08
278,Vao,-22.6667,167.4833,72.09,87,6,20.85,NC,2021-09-15 04:36:08
279,San Patricio,28.017,-97.5169,82.83,73,40,4.76,US,2021-09-15 04:36:09
280,Bud,39.447,-86.1758,73.42,97,47,6.15,US,2021-09-15 04:36:09
281,Sinnamary,5.3833,-52.95,78.1,86,2,7.87,GF,2021-09-15 04:36:09
282,Nizhniy Baskunchak,48.2198,46.8311,74.37,37,3,12.46,RU,2021-09-15 04:36:10
283,Ahipara,-35.1667,173.1667,61.65,87,100,11.01,NZ,2021-09-15 04:36:10
284,Namibe,-15.1961,12.1522,59.88,88,12,3.38,AO,2021-09-15 04:36:10
285,Muncar,-8.4333,114.3333,84.11,71,94,7.72,ID,2021-09-15 04:36:10
286,Axim,4.8699,-2.2405,74.73,91,100,4.92,GH,2021-09-15 04:36:11
287,Bida,9.0833,6.0167,73.17,95,100,2.55,NG,2021-09-15 04:36:11
288,Carballo,43.213,-8.691,64.09,98,64,3.31,ES,2021-09-15 04:36:11
289,Terskaya,43.7238,44.7244,63.34,63,5,4.47,RU,2021-09-15 04:36:11
290,Lavrentiya,65.5833,-171.0,41.61,73,100,10.47,RU,2021-09-15 04:36:12
291,Elko,41.0002,-115.5012,66.63,17,0,3.0,US,2021-09-15 04:36:12
292,Bonthe,7.5264,-12.505,76.64,89,100,2.93,SL,2021-09-15 04:36:12
293,Usvyaty,55.7456,30.7533,42.24,85,64,6.24,RU,2021-09-15 04:36:12
294,Vila Franca Do Campo,37.7167,-25.4333,63.01,82,37,3.42,PT,2021-09-15 04:36:13
295,Tapes,-30.6733,-51.3958,53.24,83,15,10.78,BR,2021-09-15 04:36:13
296,Kavieng,-2.5744,150.7967,81.21,76,82,18.16,PG,2021-09-15 04:36:13
297,Dikson,73.5069,80.5464,39.72,88,32,20.45,RU,2021-09-15 04:33:08
298,Forrest City,35.0081,-90.7898,75.06,91,81,7.16,US,2021-09-15 04:36:14
299,Mazamari,-11.3258,-74.5308,68.76,96,38,2.53,PE,2021-09-15 04:36:14
300,Kopargaon,19.8833,74.4833,79.5,72,99,7.56,IN,2021-09-15 04:36:14
301,San Jose,37.3394,-121.895,68.65,75,20,1.01,US,2021-09-15 04:34:05
302,Henties Bay,-22.116,14.2845,48.85,89,5,8.97,NA,2021-09-15 04:36:15
303,Aden,12.7794,45.0367,85.39,87,61,17.05,YE,2021-09-15 04:36:15
304,Saldanha,-33.0117,17.9442,46.45,58,67,13.8,ZA,2021-09-15 04:36:15
305,Anderson,34.5334,-82.6499,74.03,91,1,0.0,US,2021-09-15 04:36:15
306,Hualmay,-11.0964,-77.6139,60.87,85,66,9.8,PE,2021-09-15 04:36:16
307,Kuching,1.55,110.3333,82.62,74,20,4.61,MY,2021-09-15 04:36:16
308,Zaria,11.1113,7.7227,69.15,94,90,5.46,NG,2021-09-15 04:36:16
309,Sambava,-14.2667,50.1667,74.14,72,51,10.94,MG,2021-09-15 04:36:16
310,Koumac,-20.5667,164.2833,76.33,78,54,10.96,NC,2021-09-15 04:36:17
311,North Battleford,52.7834,-108.2847,53.4,62,1,6.91,CA,2021-09-15 04:36:17
312,Harindanga,22.0383,88.3214,84.18,89,100,7.94,IN,2021-09-15 04:36:17
313,Te Kauwhata,-37.4,175.15,60.64,98,100,5.1,NZ,2021-09-15 04:36:17
314,Hazleton,40.9584,-75.9746,72.03,87,1,5.75,US,2021-09-15 04:36:18
315,Shimoda,34.6667,138.95,77.36,74,71,13.02,JP,2021-09-15 04:36:18
316,Huilong,31.8111,121.655,81.03,89,99,18.72,CN,2021-09-15 04:36:18
317,Asfi,32.2994,-9.2372,68.49,92,0,8.95,MA,2021-09-15 04:36:18
318,Silver City,32.7701,-108.2803,73.31,32,1,5.01,US,2021-09-15 04:36:19
319,Hameenlinna,60.996,24.4643,41.34,87,74,8.95,FI,2021-09-15 04:36:19
320,Bandarbeyla,9.4942,50.8122,84.09,60,98,26.26,SO,2021-09-15 04:36:19
321,Beringovskiy,63.05,179.3167,42.49,73,100,12.88,RU,2021-09-15 04:36:20
322,Krasnoarmeyskoye,52.7182,50.0322,61.14,72,100,12.71,RU,2021-09-15 04:36:20
323,Tual,-5.6667,132.75,81.07,80,20,17.4,ID,2021-09-15 04:36:20
324,Road Town,18.4167,-64.6167,83.19,79,100,16.42,VG,2021-09-15 04:36:20
325,Kupang,-10.1667,123.5833,91.98,49,20,16.11,ID,2021-09-15 04:36:21
326,Mantamados,39.3117,26.3339,69.85,82,0,7.0,GR,2021-09-15 04:36:21
327,Quatre Cocos,-20.2078,57.7625,74.08,71,24,12.3,MU,2021-09-15 04:36:21
328,Itaueira,-7.6033,-43.0256,80.08,40,25,7.72,BR,2021-09-15 04:36:21
329,Port-Gentil,-0.7193,8.7815,76.15,85,100,9.31,GA,2021-09-15 04:36:22
330,Progreso,21.2833,-89.6667,81.1,85,89,9.91,MX,2021-09-15 04:36:22
331,Ilulissat,69.2167,-51.1,32.02,74,75,8.05,GL,2021-09-15 04:33:02
332,Marrakesh,31.6315,-8.0083,66.27,77,75,3.44,MA,2021-09-15 04:36:22
333,Ust-Kuyga,70.0167,135.6,55.18,49,90,1.43,RU,2021-09-15 04:36:22
334,Qaqortoq,60.7167,-46.0333,34.3,62,6,4.74,GL,2021-09-15 04:36:23
335,Saint Peter,13.25,-59.6167,81.16,79,7,16.17,BB,2021-09-15 04:36:23
336,Qasigiannguit,68.8193,-51.1922,32.25,94,93,5.32,GL,2021-09-15 04:36:23
337,Potsdam,52.3989,13.0657,61.05,85,87,5.99,DE,2021-09-15 04:36:23
338,Roma,43.2128,-75.4557,78.66,87,1,8.05,US,2021-09-15 04:36:24
339,Severnyy,50.677,36.5532,44.64,81,0,8.95,RU,2021-09-15 04:36:24
340,Vorukh,39.8494,70.5838,74.62,21,0,5.01,TJ,2021-09-15 04:36:24
341,Makasar,-5.14,119.4221,87.85,58,20,6.91,ID,2021-09-15 04:36:24
342,Lamu,-2.2717,40.902,78.51,79,100,13.94,KE,2021-09-15 04:36:25
343,Noumea,-22.2763,166.4572,82.38,68,48,3.8,NC,2021-09-15 04:36:25
344,Mingguang,32.7802,117.9638,82.06,61,97,8.59,CN,2021-09-15 04:36:25
345,Lubao,14.9167,120.55,91.47,62,25,3.11,PH,2021-09-15 04:36:26
346,Sibu,2.3,111.8167,80.91,78,40,5.75,MY,2021-09-15 04:36:26
347,Narodychi,51.2029,29.0823,49.17,61,81,3.18,UA,2021-09-15 04:36:26
348,Faya,18.3851,42.4509,68.11,40,29,1.81,SA,2021-09-15 04:36:26
349,Caravelas,-17.7125,-39.2481,73.17,83,4,10.78,BR,2021-09-15 04:36:27
350,Vicuna,-30.0319,-70.7081,42.53,42,0,0.76,CL,2021-09-15 04:36:27
351,Olafsvik,64.8945,-23.7142,47.7,73,95,15.01,IS,2021-09-15 04:36:27
352,Ouegoa,-20.35,164.4333,77.9,73,64,5.64,NC,2021-09-15 04:36:27
353,Puerto Lempira,15.2667,-83.7667,77.25,90,36,5.14,HN,2021-09-15 04:36:28
354,Garissa,-0.4536,39.6401,76.53,69,34,18.34,KE,2021-09-15 04:36:28
355,Harjavalta,61.3167,22.1333,42.58,84,29,8.68,FI,2021-09-15 04:36:28
356,Voh,-20.9667,164.7,75.9,80,59,10.69,NC,2021-09-15 04:36:28
357,Ndioum,16.5129,-14.6471,84.04,70,13,17.22,SN,2021-09-15 04:36:29
358,Nicoya,10.1483,-85.452,72.95,94,100,3.02,CR,2021-09-15 04:36:29
359,Comodoro Rivadavia,-45.8667,-67.5,53.46,43,0,17.27,AR,2021-09-15 04:36:29
360,Lorengau,-2.0226,147.2712,84.52,69,73,9.44,PG,2021-09-15 04:36:29
361,Poronaysk,49.2167,143.1167,60.31,61,0,7.25,RU,2021-09-15 04:36:30
362,Xiashi,30.5363,120.6864,78.82,87,100,13.6,CN,2021-09-15 04:36:30
363,Illapel,-31.6308,-71.1653,48.61,69,0,1.5,CL,2021-09-15 04:36:30
364,Riyadh,24.6877,46.7219,84.25,18,0,9.22,SA,2021-09-15 04:36:31
365,Saint-Joseph,-21.3667,55.6167,74.21,72,22,4.47,RE,2021-09-15 04:36:31
366,Terra Santa,-2.1042,-56.4869,77.99,57,24,3.11,BR,2021-09-15 04:36:31
367,Dingle,10.9995,122.6711,87.08,70,93,8.25,PH,2021-09-15 04:36:31
368,Hamilton,39.1834,-84.5333,77.09,83,40,5.75,US,2021-09-15 04:31:35
369,Namatanai,-3.6667,152.4333,75.16,91,100,14.85,PG,2021-09-15 04:36:32
370,Tongliao,43.6125,122.2653,71.53,51,91,5.35,CN,2021-09-15 04:36:32
371,Port Hedland,-20.3167,118.5667,87.85,48,40,12.66,AU,2021-09-15 04:36:32
372,Guerrero Negro,27.9769,-114.0611,70.99,83,0,13.78,MX,2021-09-15 04:36:32
373,Okhotsk,59.3833,143.3,63.55,49,4,5.14,RU,2021-09-15 04:36:33
374,Rawson,-43.3002,-65.1023,52.65,44,16,19.42,AR,2021-09-15 04:36:33
375,Kyshtovka,56.555,76.6271,57.99,84,97,8.77,RU,2021-09-15 04:36:33
376,Gouyave,12.1646,-61.7296,81.37,89,20,11.5,GD,2021-09-15 04:36:33
377,Mandera,3.9366,41.867,78.85,60,15,15.57,KE,2021-09-15 04:36:34
378,Lompoc,34.6391,-120.4579,61.11,90,1,3.44,US,2021-09-15 04:33:02
379,Zavitinsk,50.1167,129.45,63.93,64,98,4.23,RU,2021-09-15 04:33:09
380,Uthal,25.8072,66.6219,99.39,35,31,11.77,PK,2021-09-15 04:36:34
381,Hammond,41.5834,-87.5,68.99,68,1,1.99,US,2021-09-15 04:32:03
382,Mahenge,-8.6833,36.7167,63.64,77,70,3.44,TZ,2021-09-15 04:36:34
383,Charlottesville,38.0293,-78.4767,75.63,93,1,3.44,US,2021-09-15 04:36:35
384,Surt,31.2089,16.5887,76.51,57,0,4.09,LY,2021-09-15 04:36:35
385,Tasiilaq,65.6145,-37.6368,41.16,76,100,1.05,GL,2021-09-15 04:36:35
386,Opuwo,-18.0607,13.84,61.88,38,2,4.16,NA,2021-09-15 04:36:35
387,Warwick,41.7001,-71.4162,70.3,93,93,7.0,US,2021-09-15 04:33:20
388,Vung Tau,10.346,107.0843,80.56,76,100,6.46,VN,2021-09-15 04:36:36
389,At-Bashi,41.1702,75.8106,66.52,29,0,2.93,KG,2021-09-15 04:36:36
390,Pozo Colorado,-23.4923,-58.7972,66.06,65,91,7.27,PY,2021-09-15 04:36:36
391,Malanje,-9.5402,16.341,65.21,89,77,3.51,AO,2021-09-15 04:36:36
392,Kerrobert,51.9168,-109.1348,62.8,38,100,11.7,CA,2021-09-15 04:36:37
393,Barra Do Garcas,-15.89,-52.2567,76.57,31,21,3.94,BR,2021-09-15 04:36:37
394,Tacuarembo,-31.7333,-55.9833,43.7,76,0,4.43,UY,2021-09-15 04:36:37
395,Itaituba,-4.2761,-55.9836,74.46,73,0,3.06,BR,2021-09-15 04:36:37
396,Gatton,-27.55,152.2833,78.35,19,0,4.47,AU,2021-09-15 04:36:38
397,Liuzhou,24.3126,109.3892,88.52,64,71,1.92,CN,2021-09-15 04:32:58
398,Tula,54.2044,37.6111,45.86,69,48,13.71,RU,2021-09-15 04:36:38
399,Maiduguri,11.8464,13.1603,73.22,88,78,4.83,NG,2021-09-15 04:36:38
400,Surin,14.8818,103.4936,84.58,62,100,13.65,TH,2021-09-15 04:36:39
401,Twentynine Palms,34.1356,-116.0542,86.13,13,0,5.17,US,2021-09-15 04:36:39
402,Poya,-21.35,165.15,75.79,78,72,10.25,NC,2021-09-15 04:36:39
403,Wairoa,-39.0333,177.3667,52.56,94,100,1.99,NZ,2021-09-15 04:36:39
404,Shubarshi,48.5872,57.1869,72.55,29,25,14.9,KZ,2021-09-15 04:36:40
405,Senneterre,48.3835,-77.2328,61.02,94,100,17.4,CA,2021-09-15 04:36:40
406,Auki,-8.7676,160.7034,85.41,63,100,5.21,SB,2021-09-15 04:36:40
407,Xinqing,48.2333,129.5,68.11,41,100,1.5,CN,2021-09-15 04:36:40
408,Charlestown,-32.95,151.6667,65.68,67,75,3.0,AU,2021-09-15 04:36:41
409,Skjervoy,70.0311,20.9714,39.2,79,97,2.89,NO,2021-09-15 04:36:41
410,Portland,45.5234,-122.6762,71.58,67,75,1.01,US,2021-09-15 04:36:30
411,Gornopravdinsk,60.05,69.9,42.1,92,100,6.58,RU,2021-09-15 04:36:41
412,Alofi,-19.0595,-169.9187,78.69,89,11,8.05,NU,2021-09-15 04:36:42
413,Taboga,46.2663,13.1092,63.3,75,56,5.73,IT,2021-09-15 04:36:42
414,Neuquen,-38.9516,-68.0591,49.89,43,0,8.05,AR,2021-09-15 04:36:42
415,Jalingo,8.8833,11.3667,72.91,96,100,4.41,NG,2021-09-15 04:36:42
416,Inuvik,68.3499,-133.7218,47.41,81,75,4.61,CA,2021-09-15 04:36:43
417,Codo,-4.4553,-43.8856,75.4,89,70,4.12,BR,2021-09-15 04:36:43
418,Ishigaki,24.3448,124.1572,77.13,100,75,2.3,JP,2021-09-15 04:36:43
419,Gillette,44.2911,-105.5022,59.23,77,1,0.0,US,2021-09-15 04:32:31
420,Kazanskaya,45.4106,40.4361,67.71,61,0,3.83,RU,2021-09-15 04:36:43
421,Nome,64.5011,-165.4064,50.16,87,75,5.75,US,2021-09-15 04:36:44
422,Krasnoselkup,65.7,82.4667,40.46,89,100,1.41,RU,2021-09-15 04:36:44
423,Yeppoon,-23.1333,150.7333,78.58,38,4,11.27,AU,2021-09-15 04:36:44
424,Tiznit,29.5833,-9.5,63.27,90,25,3.36,MA,2021-09-15 04:36:44
425,Verkhnevilyuysk,63.4453,120.3167,47.55,82,100,8.25,RU,2021-09-15 04:36:45
426,Zhob,31.3411,69.4481,80.24,48,0,0.27,PK,2021-09-15 04:36:45
427,Malartic,48.1335,-78.1328,60.91,95,100,13.6,CA,2021-09-15 04:36:45
428,Ziro,27.6333,93.8333,72.34,49,13,2.82,IN,2021-09-15 04:36:45
429,Rio Branco,-9.9747,-67.81,81.21,74,0,5.75,BR,2021-09-15 04:36:35
430,Coro,11.4045,-69.6734,79.29,84,98,9.28,VE,2021-09-15 04:36:46
431,Whitehorse,60.7161,-135.0538,47.17,66,90,2.3,CA,2021-09-15 04:33:20
432,South Sioux City,42.4739,-96.4136,58.35,88,1,0.0,US,2021-09-15 04:36:46
433,Chaiyaphum,15.75,102.0,86.61,67,97,8.3,TH,2021-09-15 04:36:46
434,Punta Alta,-38.8759,-62.0736,46.96,55,0,11.7,AR,2021-09-15 04:32:33
435,Palma,39.5694,2.6502,81.05,86,20,13.0,ES,2021-09-15 04:36:47
436,Thinadhoo,0.5333,72.9333,81.77,75,80,3.42,MV,2021-09-15 04:36:47
437,Vardo,70.3705,31.1107,42.35,75,100,8.48,NO,2021-09-15 04:36:47
438,Ranot,7.7777,100.3213,82.38,68,100,4.94,TH,2021-09-15 04:36:47
439,Caxito,-8.5785,13.6643,72.25,83,97,3.47,AO,2021-09-15 04:36:48
440,Salinopolis,-0.6136,-47.3561,77.4,85,0,6.42,BR,2021-09-15 04:36:48
441,Sulina,45.1559,29.6536,68.38,67,10,8.46,RO,2021-09-15 04:36:48
442,Fatehpur,25.9333,80.8,76.32,93,100,19.66,IN,2021-09-15 04:36:48
443,Jimenez,28.3333,-105.4,75.51,26,1,3.11,MX,2021-09-15 04:36:49
444,Haimen,23.1935,116.6142,94.89,54,48,1.61,CN,2021-09-15 04:36:49
445,Saint George,37.1041,-113.5841,84.94,17,1,1.01,US,2021-09-15 04:33:20
446,Mayumba,-3.432,10.6554,75.25,87,91,3.31,GA,2021-09-15 04:36:49
447,Mount Pleasant,32.7941,-79.8626,77.99,93,1,1.01,US,2021-09-15 04:36:49
448,Mandalgovi,45.7625,106.2708,63.81,42,62,8.48,MN,2021-09-15 04:36:50
449,Trebukhiv,50.4843,30.903,45.32,93,0,2.24,UA,2021-09-15 04:36:50
450,Christchurch,-43.5333,172.6333,51.91,65,20,3.0,NZ,2021-09-15 04:33:06
451,Camana,-16.6228,-72.7111,60.17,86,65,8.97,PE,2021-09-15 04:36:50
452,Sakakah,29.9697,40.2064,76.57,25,0,7.58,SA,2021-09-15 04:36:51
453,Avera,33.194,-82.5271,72.72,68,97,5.77,US,2021-09-15 04:36:51
454,Kuah,6.3265,99.8432,86.0,83,20,6.91,MY,2021-09-15 04:36:51
455,Laguna,38.421,-121.4238,85.84,51,1,3.0,US,2021-09-15 04:32:13
456,Komsomolskiy,40.4272,71.7189,79.52,22,0,2.3,UZ,2021-09-15 04:36:51
457,Bangangte,5.1409,10.5198,60.94,97,95,2.26,CM,2021-09-15 04:36:52
458,Labuhan,-6.8844,112.2051,88.68,55,82,9.04,ID,2021-09-15 04:36:52
459,Reinosa,42.9996,-4.138,58.21,92,100,1.54,ES,2021-09-15 04:36:52
460,Novoilinsk,51.6829,108.7143,62.01,39,2,7.47,RU,2021-09-15 04:33:14
461,Xining,36.6167,101.7667,50.18,85,100,3.22,CN,2021-09-15 04:36:53
462,Podgornoye,51.735,39.1496,46.62,71,0,6.71,RU,2021-09-15 04:36:53
463,Turbat,26.0023,63.044,101.82,7,93,10.42,PK,2021-09-15 04:36:53
464,Gazimurskiy Zavod,51.5461,118.3266,51.49,96,100,3.49,RU,2021-09-15 04:36:53
465,Atengo,20.1667,-99.3333,61.18,86,93,3.51,MX,2021-09-15 04:36:54
466,Ankang,32.68,109.0172,81.39,59,15,6.08,CN,2021-09-15 04:36:54
467,Tupik,54.4253,119.9327,59.4,73,100,10.04,RU,2021-09-15 04:36:54
468,Rafai,4.95,23.9167,67.5,97,87,1.79,CF,2021-09-15 04:36:54
469,Novki,56.3608,41.0775,47.43,82,100,12.12,RU,2021-09-15 04:36:55
470,Antofagasta,-23.65,-70.4,56.48,85,98,3.27,CL,2021-09-15 04:36:55
471,Ribnica,45.7386,14.7275,60.46,59,57,3.78,SI,2021-09-15 04:36:55
472,Joigny,47.9829,3.401,65.3,95,100,10.07,FR,2021-09-15 04:36:55
473,Torrington,41.8007,-73.1212,70.5,93,60,3.0,US,2021-09-15 04:36:56
474,Basco,20.4487,121.9702,84.2,76,86,8.14,PH,2021-09-15 04:36:56
475,Mogadishu,2.0371,45.3438,78.67,89,75,10.36,SO,2021-09-15 04:36:56
476,Druzhba,52.0428,33.9453,47.19,68,100,8.34,UA,2021-09-15 04:36:56
477,Bodden Town,19.2833,-81.25,81.93,90,100,5.59,KY,2021-09-15 04:36:57
478,Talcahuano,-36.7167,-73.1167,47.5,75,92,8.03,CL,2021-09-15 04:36:57
479,Chaumont,48.1167,5.1333,62.89,95,100,13.09,FR,2021-09-15 04:36:57
480,Maniitsoq,65.4167,-52.9,33.82,57,2,7.0,GL,2021-09-15 04:36:57
481,Zhigalovo,54.8097,105.1578,55.06,55,55,10.42,RU,2021-09-15 04:36:58
482,Humaita,-7.5061,-63.0208,79.52,57,38,2.86,BR,2021-09-15 04:36:58
483,Campeche,19.0,-90.5,77.23,75,100,3.29,MX,2021-09-15 04:36:14
484,Fortuna,40.5982,-124.1573,62.42,66,1,0.0,US,2021-09-15 04:36:58
485,Camopi,3.1655,-52.3158,70.05,99,15,1.99,GF,2021-09-15 04:36:58
486,A Coruna,43.3713,-8.396,65.12,92,20,1.99,ES,2021-09-15 04:36:59
487,Kenora,49.8167,-94.4337,58.98,67,1,5.75,CA,2021-09-15 04:33:35
488,Aksarka,66.5606,67.7975,44.83,91,99,9.98,RU,2021-09-15 04:36:59
489,Sur,22.5667,59.5289,91.47,38,100,2.24,OM,2021-09-15 04:36:59
490,Khovu-Aksy,51.1333,93.6,57.81,35,95,0.25,RU,2021-09-15 04:36:59
491,Fairbanks,64.8378,-147.7164,53.6,59,1,0.0,US,2021-09-15 04:37:00
492,Bontang,0.1333,117.5,74.84,95,100,7.54,ID,2021-09-15 04:37:00
493,Avenal,36.0041,-120.129,82.83,31,0,8.7,US,2021-09-15 04:37:00
494,Muli,2.9167,73.5667,80.35,81,100,16.4,MV,2021-09-15 04:37:01
495,Ames,42.0347,-93.6199,62.62,94,1,0.0,US,2021-09-15 04:34:41
496,Valer,60.6785,11.8331,44.29,94,2,2.48,NO,2021-09-15 04:37:01
497,Canatlan,24.5167,-104.7833,67.32,62,94,4.5,MX,2021-09-15 04:37:01
498,Kurilsk,45.2333,147.8833,56.25,65,30,11.43,RU,2021-09-15 04:37:01
499,Bathsheba,13.2167,-59.5167,83.01,78,20,14.97,BB,2021-09-15 04:37:02
500,Orsha,54.5153,30.4053,42.91,85,59,8.03,BY,2021-09-15 04:37:02
501,Polewali,-3.4324,119.3435,84.79,75,80,3.85,ID,2021-09-15 04:37:02
502,Icod De Los Vinos,28.3724,-16.7119,71.15,72,0,3.11,ES,2021-09-15 04:37:02
503,Buala,-8.145,159.5921,84.88,68,98,8.72,SB,2021-09-15 04:37:03
504,Bowen,-20.0167,148.2333,73.62,48,77,20.94,AU,2021-09-15 04:37:03
505,Kihei,20.785,-156.4656,80.62,78,90,14.97,US,2021-09-15 04:37:03
506,Varna,43.2167,27.9167,65.44,72,0,3.44,BG,2021-09-15 04:37:03
507,Balkanabat,39.5108,54.3671,80.82,53,0,5.08,TM,2021-09-15 04:35:00
508,Togur,58.3631,82.8265,48.11,66,99,5.57,RU,2021-09-15 04:37:04
509,Vanderhoof,54.0166,-124.0198,47.98,49,12,12.15,CA,2021-09-15 04:37:04
510,Diu,20.7141,70.9822,83.77,82,100,2.15,IN,2021-09-15 04:37:04
511,Povenets,62.8487,34.8262,44.22,73,100,12.53,RU,2021-09-15 04:37:05
512,San Quintin,30.4833,-115.95,69.87,78,0,10.16,MX,2021-09-15 04:37:05
513,Yerky,48.9906,30.9882,56.66,77,80,5.68,UA,2021-09-15 04:37:05
514,Avallon,47.4833,3.9,64.08,96,100,15.21,FR,2021-09-15 04:37:05
515,Mariestad,58.7097,13.8237,54.07,71,100,4.61,SE,2021-09-15 04:37:06
516,Visnes,59.3556,5.2242,55.22,87,20,6.91,NO,2021-09-15 04:37:06
517,Dunedin,-45.8742,170.5036,50.81,53,5,4.0,NZ,2021-09-15 04:32:30
518,Pottsville,40.6857,-76.1955,74.95,95,82,4.27,US,2021-09-15 04:37:06
519,Santo Cristo,15.2907,120.8842,89.47,66,29,3.42,PH,2021-09-15 04:37:06
520,Aracati,-4.5617,-37.7697,76.78,78,4,11.36,BR,2021-09-15 04:37:07
521,Hofn,64.2539,-15.2082,50.32,88,83,5.01,IS,2021-09-15 04:37:07
522,Khor,47.8861,134.9464,69.71,40,0,5.95,RU,2021-09-15 04:37:07
